{
    "significant_variables": [
        "quarterly_MWh",
        "price_indices_CPILFESL",
        "price_indices_PCEPILFE",
        "gdp_income_PCE",
        "price_indices_CPIFABSL",
        "price_indices_PCEPI",
        "price_indices_CPIAUCSL",
        "gdp_income_PCEC",
        "gdp_income_GDP",
        "employment_CES0500000003",
        "gdp_income_GDPDEF",
        "gdp_income_GDPPOT",
        "gdp_income_DPI",
        "gdp_income_GDPC1",
        "exchange_rates_DEXKOUS",
        "price_indices_WPSFD49207",
        "gdp_income_A939RX0Q048SBEA",
        "auto_loans_RIFLPBCIANM60NM",
        "auto_loans_RIFLPBCIANM72NM",
        "gdp_income_W875RX1",
        "gdp_income_TOTALSL",
        "auto_loans_TERMCBAUTO48NS",
        "interest_rates_IORB"
    ],
    "correlation_series": {
        "quarterly_MWh": 1.0,
        "price_indices_CPILFESL": 0.947018896146229,
        "price_indices_PCEPILFE": 0.9468060290358047,
        "gdp_income_PCE": 0.9435478987684763,
        "price_indices_CPIFABSL": 0.942385823579694,
        "price_indices_PCEPI": 0.9412945698235724,
        "price_indices_CPIAUCSL": 0.9398814000653644,
        "gdp_income_PCEC": 0.936031804720233,
        "gdp_income_GDP": 0.9323095158773939,
        "employment_CES0500000003": 0.9314171246353505,
        "gdp_income_GDPDEF": 0.9304410768154459,
        "gdp_income_GDPPOT": 0.9090750133777032,
        "gdp_income_DPI": 0.9085994287694563,
        "gdp_income_GDPC1": 0.9028000113760899,
        "exchange_rates_DEXKOUS": 0.8974460589014697,
        "price_indices_WPSFD49207": 0.8963772242749237,
        "gdp_income_A939RX0Q048SBEA": 0.888031984732196,
        "auto_loans_RIFLPBCIANM60NM": 0.8867980506656853,
        "auto_loans_RIFLPBCIANM72NM": 0.8805813722144572,
        "gdp_income_W875RX1": 0.8764884598854159,
        "gdp_income_TOTALSL": 0.8727040614687281,
        "auto_loans_TERMCBAUTO48NS": 0.8673503801966048,
        "interest_rates_IORB": 0.8660494898620181
    },
    "cross_correlation_results": [
        {
            "var_name": "price_indices_CPILFESL",
            "best_lag": 0,
            "best_corr": 0.947018896146229
        },
        {
            "var_name": "price_indices_PCEPILFE",
            "best_lag": 0,
            "best_corr": 0.9468060290358046
        },
        {
            "var_name": "gdp_income_PCE",
            "best_lag": 0,
            "best_corr": 0.943547898768476
        },
        {
            "var_name": "gdp_income_PCEC",
            "best_lag": 0,
            "best_corr": 0.9360318047202326
        },
        {
            "var_name": "employment_CES0500000003",
            "best_lag": 0,
            "best_corr": 0.9314171246353503
        },
        {
            "var_name": "exchange_rates_DEXKOUS",
            "best_lag": 0,
            "best_corr": 0.8974460589014693
        },
        {
            "var_name": "auto_loans_RIFLPBCIANM60NM",
            "best_lag": 0,
            "best_corr": 0.8867980506656855
        },
        {
            "var_name": "auto_loans_RIFLPBCIANM72NM",
            "best_lag": 0,
            "best_corr": 0.8805813722144572
        },
        {
            "var_name": "interest_rates_IORB",
            "best_lag": 0,
            "best_corr": 0.8660494898620186
        }
    ]
}