,Lithium,Cobalt,Nickel,Graphite,Manganese
2020,,,,,
2021,8.712106775197714,17.538274095758034,3.236624733012272,5.490829900978822,11.01703867445134
2022,-1.726281401642804,25.182907254301277,26.91380069004672,31.798318808539292,28.66488531742002
2023,-54.72931148404941,-47.27152539161851,-45.55044748180499,-36.39300657383083,-49.18336957755071
2024,-4.779278463847458,8.23551323302205,31.283871080198942,18.655105677959337,23.129641829001724
2025,-2.378964127984884,4.454411691439342,4.37150133268529,-0.4103512651457253,0.18630197543232363
