,Lithium,Cobalt,Nickel,Graphite,Manganese
2020,15.94689240457106,28.05045487034828,18.35837679337555,1.185207510732919,2.456332667990441
2021,17.336202698183186,32.97002053061687,18.95256855724953,1.2502852391208887,2.72694778799613
2022,17.03693105525335,41.272830222566206,24.05342508439213,1.6478549254726567,3.508624244091143
2023,7.712735990700998,21.762533804066223,13.096982323750785,1.0481509741181976,1.7829646150322513
2024,7.344122860524013,23.554790155340996,17.194225389309423,1.2436846460045077,2.1953579444270503
2025,7.16940881215701,24.604017481914507,17.945871181347997,1.238581170325205,2.1994479396453284
