,Tesla,General Motors,Ford,Rivian,Lucid Motors
2020,,,,,
2021,42.807942593578964,42.91695160895643,-10.305772849024475,-65.86452443395952,-63.55037777651687
2022,-14.134588707761297,6.8206534477630365,-37.30707816367508,-63.82102985277378,-58.17884900482952
2023,31.81332195901525,-6.007994385415172,26.762295888459107,-40.81835417251756,-25.958540287165498
2024,150.15371355543573,1.0496898675469657,24.738419781586927,9.621401023529508,-31.00522452271489
2025,14.688344850294177,5.593087050638146,-45.7557159007996,-12.524554932437692,-52.33026276459229
