,Compact,Midsize,SUV,Luxury,Pickup
California,100.0,91.9298339942154,84.74413354467464,83.40711482375248,83.79305549156655
Texas,88.40360826685146,79.07781367601076,73.89211322646999,71.55509450554784,73.9410351733619
New York,86.07181626743281,75.74602167659211,69.06032122705133,69.22330250612919,68.10924317394324
Ontario,99.13989710743125,88.31410251659055,80.12840206704979,78.79138334612763,79.1773240139417
Mexico City,80.43132531577089,69.60553072493019,62.41983027538944,61.08281155446728,61.468752222281346
