,Average_Elasticity,CARB_States,Non_CARB_States,California
2020,-2.5,-2.0,-3.0,-1.5
2021,-2.4,-1.92,-2.88,-1.44
2022,-2.3,-1.8399999999999999,-2.76,-1.38
2023,-2.2,-1.7600000000000002,-2.64,-1.32
2024,-2.1,-1.6800000000000002,-2.52,-1.26
2025,-2.0,-1.6,-2.4,-1.2
2026,-1.9,-1.52,-2.28,-1.14
2027,-1.8,-1.4400000000000002,-2.16,-1.08
2028,-1.7,-1.36,-2.04,-1.02
2029,-1.6,-1.2800000000000002,-1.92,-0.96
2030,-1.5,-1.2000000000000002,-1.7999999999999998,-0.8999999999999999
