{
  "pCAM(=M(OH)2)": {
    "분자량(g/mol)": 91.78825,
    "몰비": 1.0,
    "몰량(mol)": 10.337920785681979,
    "질량(kg)": 0.9488996575563738
  },
  "NiSO4.6H2O": {
    "분자량(g/mol)": 262.85,
    "몰비": 0.6,
    "몰량(mol)": 6.202752471409187,
    "질량(kg)": 1.6303934871099048
  },
  "CoSO4.7H2O": {
    "분자량(g/mol)": 281.103,
    "몰비": 0.15,
    "몰량(mol)": 1.5506881178522967,
    "질량(kg)": 0.43590308199263417
  },
  "MnSO4.H2O": {
    "분자량(g/mol)": 169.02,
    "몰비": 0.25,
    "몰량(mol)": 2.5844801964204946,
    "질량(kg)": 0.43682884279899203
  },
  "Al(OH)3": {
    "분자량(g/mol)": 78.0,
    "몰비": 0.0,
    "몰량(mol)": 0.0,
    "질량(kg)": 0.0
  },
  "NaOH": {
    "분자량(g/mol)": 39.997,
    "몰비": 2.0,
    "몰량(mol)": 20.675841571363957,
    "질량(kg)": 0.8269716353298442
  }
}