{
  "CAM(=Li(NCM)O2)": {
    "분자량(g/mol)": 96.73125,
    "몰비": 1,
    "몰량(mol)": 10.337920785681979,
    "질량(kg)": 1.0
  },
  "pCAM(=M(OH)2)": {
    "분자량(g/mol)": 91.78825,
    "몰비": 1.0,
    "몰량(mol)": 10.337920785681979,
    "질량(kg)": 0.9488996575563738
  },
  "LiOH.H2O": {
    "분자량(g/mol)": 41.96,
    "몰비": 1,
    "몰량(mol)": 10.337920785681979,
    "질량(kg)": 0.43377915616721585
  },
  "Li2CO3": {
    "분자량(g/mol)": 73.891,
    "몰비": 0,
    "몰량(mol)": 0.0,
    "질량(kg)": 0.0
  },
  "Al(OH)3": {
    "분자량(g/mol)": 78.0,
    "몰비": 0.0,
    "몰량(mol)": 0.0,
    "질량(kg)": 0.0
  }
}