{
  "한국": 0.637420635,
  "중국": 0.8825,
  "일본": 0.667861719,
  "폴란드": 0.948984701,
  "미분류": 0.784120589
}